"ID","Use","General Category","AC/A","AC/C-1","AC/R-2A","AF","AGR","BA","BI","BT","BUS","CCD","CON","CP","ED","I-1","I-2","MD","MH","MU-1","MU-2","OF","OR","PD","PS","RC","RH-1","RH-2","RMF-5","RMF-6","RMF-7","RMF-8","RMU","ROW","RSF-1","RSF-2","RSF-3","RSF-4","UMU-1","UMU-2","W"
1,"Adult Performance Establishment","COMMUNICATIONS","N","N","N","N","N","N","N","Y","N","N","N","N","N","N","Y","N","N","N","N","N","N","N","N","N","N","N","N","N",,"N","N","N","N","N","N","N","N","N","N"
2,"Escort service ","Radio wire or background music","N","N","N","N","N","N","N","Y","N","N","N","N","N","N","Y","N","N","N","N","N","N","N","N","N","N","N","N","N",,"N","N","N","N","N","N","N","N","N","N"
3,"Hatchery  ","Radio/TV—Studio for O/C station","N","N","N","N","Y","N","N","N","N","N","N","N","N","N","N","N","N","N","N","N","N","N","N","N","N","N","N","N",,"N","N","N","N","N","N","N","N","N","N"
4,"Nursery-shrubs, trees & plants ","Radio/TV/cable mobile studio","N","N","N","N","Y","N","Y","N","N","Y","N","N","N","Y","Y","N","N","Y","Y","N","N","N","N","N","N","N","N","N",,"N","N","N","N","N","N","N","Y","Y","Y"
5,"Sand, dirt, rock or shell ","GAS","N","N","N","N","N","N","N","N","N","N","N","N","N","Y","Y","N","N","N","N","N","N","N","N","N","N","N","N","N",,"N","N","N","N","N","N","N","N","N","Y"
6,"Wood & coal yards ","STORAGE","N","N","N","N","N","N","N","N","N","N","N","N","N","Y","Y","N","N","N","N","N","N","N","N","N","N","N","N","N",,"N","N","N","N","N","N","N","N","N","Y"
7,"Contractors/sub-contractors","TRANSPORTATION","N","N","N","N","N","N","Y","N","Y","Y","N","Y","Y","Y","Y","N","N","Y","Y","N","N","N","N","N","N","N","N","N",,"N","N","N","N","N","N","N","N","N","Y"
8,"Signs-installation Contractors","Auto—Salvage yard","N","N","N","N","N","N","Y","N","Y","Y","N","N","N","Y","Y","N","N","Y","Y","N","N","N","N","N","N","N","N","N",,"N","N","N","N","N","N","N","N","N","Y"
9,"Tree service—Including Trimming & Pruning","Peddler (On roadways moving to various locations)","N","N","N","N","Y","N","Y","N","Y","Y","N","N","N","Y","Y","N","N","Y","Y","N","N","N","N","N","N","N","N","N",,"N","N","N","N","N","N","N","Y","Y","Y"
10,"Bottling plant &/or distributor ","Auto - Brake & Tire Shop","N","N","N","N","N","N","Y","N","N","N","N","N","N","Y","Y","N","N","N","N","N","N","N","N","N","N","N","N","N",,"N","N","N","N","N","N","N","N","N","Y"
11,"Brewery","Auto - Brake & Tire Shop","N","N","N","N","N","N","Y","N","N","N","N","N","N","Y","Y","N","N","N","N","N","N","N","N","N","N","N","N","N",,"N","N","N","N","N","N","N","N","N","Y"
12,"Jewelry Manufacturing","Bottle Club","N","N","N","N","N","Y","Y","N","Y","Y","N","N","N","Y","Y","N","N","Y","Y","N","N","N","N","N","N","N","N","N",,"N","N","N","N","N","N","N","N","N","Y"
13,"Manufacturing","Coin-Operated Amusement and Music Machines","N","N","N","N","N","N","Y","N","N","N","N","N","N","Y","Y","N","N","N","N","N","N","N","N","N","N","N","N","N",,"N","N","N","N","N","N","N","N","N","Y"
14,"Manufacturing Food","Coin Operated Weighing Machines","N","N","N","N","N","N","Y","N","N","N","N","N","N","Y","Y","N","N","N","N","N","N","N","N","N","N","N","N","N",,"N","N","N","N","N","N","N","N","N","Y"
15,"Winery","Contest company","N","N","N","N","N","N","Y","N","N","N","N","N","N","Y","Y","N","N","N","N","N","N","N","N","N","N","N","N","N",,"N","N","N","N","N","N","N","N","N","Y"
16,"COMMUNICATIONS","Event & Wedding Planning",,,,,,,,,,,,,,,,,,,,,,,,,,,,,,,,,,,,,,,
17,"Directories—compiling &/or selling","Fire alarm monitoring companies","N","N","N","N","N","Y","Y","N","Y","Y","N","N","N","Y","Y","N","N","Y","Y","Y","Y","N","N","N","N","N","N","N",,"N","N","N","N","N","N","N","Y","Y","Y"
18,"Radio wire or background music ","Fire alarm operators:",,,,,,,,,,,,,,,,,,,,,,,,,,,,,,,,,,,,,,,
19,"Radio/TV—Studio for O/C station","Kennel—Dog & other animals",,,,,,,,,,,,,,,,,,,,,,,,,,,,,,,,,,,,,,,
20,"Radio/TV/cable broadcasting Studios and Stations","Professional—IT & Software Developer","N","N","N","N","N","N","Y","N","Y","Y","N","N","N","Y","Y","N","N","Y","Y","Y","Y","N","N","N","N","N","N","N",,"N","N","N","N","N","N","N","Y","Y","Y"
21,"Radio/TV/cable mobile studio ","Tour Guide or Company",,,,,,,,,,,,,,,,,,,,,,,,,,,,,,,,,,,,,,,
22,"Studio—TV advertising, etc. Film made",,"N","N","N","N","N","N","Y","N","Y","Y","N","N","N","Y","Y","N","N","Y","Y","Y","Y","N","N","N","N","N","N","N",,"N","N","N","N","N","N","N","Y","Y","Y"
23,"Telegraph company",,"N","N","N","N","N","N","Y","N","Y","Y","N","N","N","Y","N","N","N","Y","Y","Y","Y","N","N","N","N","N","N","N",,"N","N","N","N","N","N","N","Y","Y","Y"
24,"Telephone company",,"N","N","N","N","N","N","Y","N","Y","Y","N","N","N","Y","N","N","N","Y","Y","Y","Y","N","N","N","N","N","N","N",,"N","N","N","N","N","N","N","Y","Y","N"
25,"Telephone company/franchise",,"N","N","N","N","N","N","Y","N","Y","Y","N","N","N","Y","N","N","N","Y","Y","Y","Y","N","N","N","N","N","N","N",,"N","N","N","N","N","N","N","Y","Y","N"
26,"Telephone solicitation",,"N","N","N","N","N","N","Y","N","Y","Y","N","N","N","Y","N","N","N","Y","Y","Y","Y","N","N","N","N","N","N","N",,"N","N","N","N","N","N","N","Y","Y","N"
27,"GAS",,,,,,,,,,,,,,,,,,,,,,,,,,,,,,,,,,,,,,,,
28,"Gasoline and Gas (L/P) and/or fuel oil dealer Retail",,"N","N","N","Y","N","Y","N","Y","Y","N","N","N","N","Y","Y","N","N","Y","Y","N","N","N","N","N","N","N","N","N",,"N","N","N","N","N","N","N","N","N","Y"
29,"Gas company—natural or manufactured",,"N","N","N","N","N","N","N","N","N","N","N","N","N","N","Y","N","N","N","N","N","N","N","Y","N","N","N","N","N",,"N","N","N","N","N","N","N","N","N","N"
30,"Gasoline and oil dealer wholesale ",,"N","N","N","N","N","N","N","N","N","N","N","N","N","Y","N","N","N","N","N","N","N","N","N","N","N","N","N","N",,"N","N","N","N","N","N","N","N","N","Y"
31,"STORAGE",,,,,,,,,,,,,,,,,,,,,,,,,,,,,,,,,,,,,,,,
32,"Cold storage plant",,"N","N","N","N","N","N","N","N","N","N","N","N","N","Y","Y","N","N","N","N","N","N","N","N","N","N","N","N","N",,"N","N","N","N","N","N","N","N","N","Y"
33,"Storage warehouse or lot",,"N","N","N","N","N","N","N","N","N","N","N","N","N","Y","Y","N","N","N","N","N","N","N","N","N","N","N","N","N",,"N","N","N","N","N","N","N","N","N","Y"
34,"TRANSPORTATION",,,,,,,,,,,,,,,,,,,,,,,,,,,,,,,,,,,,,,,,
35,"Agency—travel",,"N","N","N","Y","N","Y","N","Y","Y","Y","N","Y","N","Y","Y","N","N","Y","Y","Y","Y","N","N","N","N","N","N","N",,"N","N","N","N","N","N","N","Y","Y","Y"
36,"Aircraft—fixed base operator ",,"N","N","N","Y","N","N","N","N","N","N","N","N","N","N","N","N","N","N","N","N","N","N","N","N","N","N","N","N",,"N","N","N","N","N","N","N","N","N","N"
37,"Aircraft—rental/leasing:",,"N","N","N","Y","N","Y","Y","N","Y","Y","N","Y","N","Y","Y","N","N","Y","Y","N","N","N","N","N","N","N","N","N",,"N","N","N","N","N","N","N","Y","Y","Y"
38,"Ambulance service",,"N","N","N","Y","N","Y","Y","N","Y","Y","N","Y","Y","Y","Y","Y","N","Y","Y","N","N","N","Y","N","N","N","N","N",,"N","N","N","N","N","N","N","Y","Y","Y"
39,"Auto—Buses:",,"N","N","N","Y","N","Y","Y","Y","N","Y","N","N","N","Y","Y","N","N","N","N","N","N","N","Y","N","N","N","N","N",,"N","N","N","N","N","N","N","N","N","Y"
40,"Auto—Limousines with drivers:",,"N","N","N","Y","N","Y","Y","Y","N","Y","N","N","N","Y","Y","N","N","N","N","N","N","N","Y","N","N","N","N","N",,"N","N","N","N","N","N","N","N","N","Y"
41,"Auto—Storage",,"N","N","N","Y","N","N","Y","N","N","Y","N","N","N","Y","Y","N","N","N","N","N","N","N","N","N","N","N","N","N",,"N","N","N","N","N","N","N","N","N","Y"
42,"Auto—Parking Lot",,"N","N","N","N","N","Y","N","Y","Y","N","N","N","N","Y","Y","N","N","Y","Y","N","N","N","N","N","N","N","N","N",,"N","N","N","N","N","N","N","Y","N","Y"
43,"Auto—Taxicabs or vehicles with drivers:",,"N","N","N","Y","N","Y","Y","Y","N","Y","N","N","N","Y","Y","N","N","N","N","N","N","N","Y","N","N","N","N","N",,"N","N","N","N","N","N","N","N","N","Y"
44,"Auto—transfer, hauling or delivery company:",,"N","N","N","N","N","N","N","N","N","N","N","N","N","Y","Y","N","N","N","N","N","N","N","N","N","N","N","N","N",,"N","N","N","N","N","N","N","N","N","Y"
45,"Towing Company",,"N","N","N","N","N","Y","Y","N","N","N","N","N","N","Y","Y","N","N","N","N","N","N","N","N","N","N","N","N","N",,"N","N","N","N","N","N","N","N","N","N"
46,"Auto—wrecker yard—storage—no retail sales ",,"N","N","N","N","N","N","N","N","N","N","N","N","N","Y","Y","N","N","N","N","N","N","N","N","N","N","N","N","N",,"N","N","N","N","N","N","N","N","N","Y"
47,"Railroad company ",,"N","N","N","Y","N","N","Y","N","N","N","N","N","N","Y","Y","N","N","N","N","N","N","N","Y","N","N","N","N","N",,"N","N","N","N","N","N","N","N","N","N"
48,"Valet Parking Service",,"N","N","N","N","N","Y","N","Y","Y","N","N","N","N","Y","Y","N","N","Y","Y","N","N","N","N","N","N","N","N","N",,"N","N","N","N","N","N","N","Y","N","Y"
49,"Bakery—Wholesale, plant ",,"N","N","N","N","N","N","Y","N","N","N","N","N","N","Y","Y","N","N","N","N","N","N","N","N","N","N","N","N","N",,"N","N","N","N","N","N","N","N","N","Y"
50,"Distributor—Merchandise or commodities ",,"N","N","N","N","N","N","N","N","N","N","N","N","N","Y","Y","N","N","N","N","N","N","N","N","N","N","N","N","N",,"N","N","N","N","N","N","N","N","N","Y"
51,"Livestock bet/commission agent ",,"N","N","N","N","N","N","N","N","N","N","N","N","N","Y","Y","N","N","N","N","N","N","N","N","N","N","N","N","N",,"N","N","N","N","N","N","N","N","N","Y"
52,"Merchant—Wholesale from a vehicle",,"N","N","N","N","N","N","N","N","N","N","N","N","N","Y","Y","N","N","N","N","N","N","N","N","N","N","N","N","N",,"N","N","N","N","N","N","N","N","N","Y"
53,"Merchant—Wholesale",,"N","N","N","N","N","N","Y","N","N","N","N","N","N","Y","Y","N","N","N","N","N","N","N","N","N","N","N","N","N",,"N","N","N","N","N","N","N","N","N","Y"
54,"Art show, festival, etc.:",,"N","N","N","N","Y","Y","Y","Y","Y","Y","N","N","N","Y","Y","N","N","Y","Y","N","N","N","Y","N","N","N","N","N",,"N","N","N","N","N","N","N","Y","Y","Y"
55,"Auto—New car dealer ",,"N","N","N","N","N","Y","Y","N","N","Y","N","N","N","Y","N","N","N","N","N","N","N","N","N","N","N","N","N","N",,"N","N","N","N","N","N","N","N","N","N"
56,"Auto—Salvage yard ",,,,,,,,,,,,,,,,,,,,,,,,,,,,,,,,,,,,,,,,
57,"Auto—Service station:",,"N","N","N","Y","N","Y","Y","Y","Y","N","N","N","N","Y","N","N","N","Y","Y","N","N","N","N","N","N","N","N","N",,"N","N","N","N","N","N","N","N","N","Y"
58,"Auto—Used cars ",,"N","N","N","N","N","Y","Y","N","N","Y","N","N","N","Y","N","N","N","N","N","N","N","N","N","N","N","N","N","N",,"N","N","N","N","N","N","N","N","N","N"
59,"Bakery—Baking on premises for Retail Sales:",,"N","N","N","Y","N","Y","Y","Y","Y","Y","N","N","N","Y","N","N","N","Y","Y","N","N","N","N","N","N","N","N","N",,"N","N","N","N","N","N","N","Y","Y","Y"
60,"Bottle Club",,"N","N","N","Y","N","N","N","Y","Y","Y","N","N","N","N","N","N","N","N","N","N","N","N","N","N","N","N","N","N",,"N","N","N","N","N","N","N","N","N","N"
61,"Cafe or Deli",,"N","N","N","Y","N","Y","Y","Y","Y","Y","N","Y","N","Y","Y","N","N","Y","Y","Y","Y","N","N","N","N","N","N","N",,"N","N","N","N","N","N","N","Y","Y","Y"
62,"Catalogue order service/mail order ",,"N","N","N","N","N","Y","Y","Y","Y","Y","N","N","N","Y","Y","N","N","Y","Y","N","N","N","N","N","N","N","N","N",,"N","N","N","N","N","N","N","Y","Y","Y"
63,"Caterer ",,"N","N","N","Y","N","Y","Y","Y","Y","Y","N","N","N","Y","Y","N","N","Y","Y","N","N","N","N","N","N","N","N","N",,"N","N","N","N","N","N","N","Y","Y","N"
64,"Caterer—Food prep—Off premises only ",,"N","N","N","Y","N","Y","Y","Y","Y","Y","N","N","N","Y","Y","N","N","Y","Y","N","N","N","N","N","N","N","N","N",,"N","N","N","N","N","N","N","Y","Y","Y"
65,"Cemetery ",,"N","N","N","N","N","Y","Y","N","Y","N","N","Y","N","Y","Y","N","N","Y","Y","N","N","N","N","N","N","N","N","N",,"N","N","N","N","N","N","N","Y","Y","Y"
66,"Christmas tree lot ",,"N","N","N","N","N","Y","Y","Y","Y","Y","N","N","N","Y","Y","N","N","Y","Y","N","N","N","N","N","N","N","N","N",,"N","N","N","N","N","N","N","Y","Y","Y"
67,"Coin-Operated Vending Machines.",,"N","N","N","Y","N","Y","Y","Y","Y","Y","N","Y","N","Y","Y","N","N","Y","Y","N","N","N","N","N","N","N","N","N",,"N","N","N","N","N","N","N","Y","Y","N"
68,"Candy Store",,"N","N","N","Y","N","Y","Y","Y","Y","Y","N","N","N","Y","N","N","N","Y","Y","N","N","N","N","N","N","N","N","N",,"N","N","N","N","N","N","N","Y","Y","Y"
69,"Flea Markets:",,"N","N","N","N","N","N","Y","N","N","N","N","N","N","Y","Y","N","N","N","N","N","N","N","N","N","N","N","N","N",,"N","N","N","N","N","N","N","N","N","Y"
70,"Florist ",,"N","N","N","Y","N","Y","Y","Y","Y","Y","N","N","N","N","N","N","N","Y","Y","N","N","N","N","N","N","N","N","N",,"N","N","N","N","N","N","N","Y","Y","Y"
71,"Grocery Market",,"N","N","N","Y","N","Y","Y","Y","Y","Y","N","N","N","Y","N","N","N","Y","Y","N","N","N","N","N","N","N","N","N",,"N","N","N","N","N","N","N","Y","Y","Y"
72,"Home Party Sales",,"N","N","N","N","N","N","N","N","N","N","N","N","N","N","N","N","Y","N","N","N","N","N","N","Y","Y","Y","Y","Y","Y","N","Y","N","Y","Y","Y","Y","N","N","N"
73,"Indoor sales—Temporary location ",,"N","N","N","Y","N","Y","Y","Y","Y","Y","N","N","N","Y","N","N","N","Y","Y","N","N","N","N","N","N","N","N","N","N","N","N","N","N","N","N","N","Y","Y","Y"
74,"Ice Cream Shop",,"N","N","N","Y","N","Y","Y","Y","Y","Y","N","N","N","Y","N","N","N","Y","Y","N","N","N","N","N","N","N","N","N","N","N","N","N","N","N","N","N","Y","Y","Y"
75,"Junk or scrap metal dealer ",,"N","N","N","N","N","N","N","N","N","N","N","N","N","N","Y","N","N","N","N","N","N","N","N","N","N","N","N","N","N","N","N","N","N","N","N","N","N","N","Y"
76,"Manufacturing—Silk/cut floral arrang. Only ",,"N","N","N","Y","N","N","Y","N","N","N","N","N","N","Y","Y","N","N","N","N","N","N","N","N","N","N","N","N","N","N","N","N","N","N","N","N","N","N","N","Y"
77,"Merchant—retail w/pharmacy",,"N","N","N","Y","N","Y","Y","Y","Y","Y","N","N","N","Y","N","N","N","Y","Y","N","N","N","N","N","N","N","N","N","N","N","N","N","N","N","N","N","Y","Y","Y"
78,"Mobile home sales ",,"N","N","N","N","N","Y","Y","N","N","N","N","N","N","Y","Y","N","N","N","N","N","N","N","N","N","N","N","N","N","N","N","N","N","N","N","N","N","N","N","Y"
79,"Motorcycle Sales  Rental and Repairs",,"N","N","N","N","N","Y","Y","N","N","N","N","N","N","Y","N","N","N","N","N","N","N","N","N","N","N","N","N","N","N","N","N","N","N","N","N","N","N","N","Y"
80,"Pawnshop ",,"N","N","N","Y","N","N","Y","Y","Y","Y","N","N","N","N","N","N","N","Y","Y","N","N","N","N","N","N","N","N","N","N","N","N","N","N","N","N","N","Y","Y","Y"
81,"Peddler (On roadways moving to various locations)",,,,,,,,,,,,,,,,,,,,,,,,,,,,,,,,,,,,,,,,
82,"Peddler—Food Cart ",,"N","N","N","N","N","N","N","N","Y","Y","N","N","N","N","N","N","N","Y","Y","N","N","N","N","N","N","N","N","N","N","N","N","N","N","N","N","N","N","N","N"
83,"Peddler—Food Truck -  B-B-Q Stands",,"N","N","N","Y","N","Y","Y","Y","Y","Y","N","Y","N","Y","Y","N","N","Y","Y","Y","Y","N","N","N","N","N","N","N","N","N","N","N","N","N","N","N","Y","Y","Y"
84,"Physical therapy devices ",,"N","N","N","Y","N","Y","Y","Y","Y","Y","N","Y","N","Y","Y","N","N","Y","Y","Y","Y","N","N","N","N","N","N","N","N","N","N","N","N","N","N","N","Y","Y","Y"
85,"Pyrotechnic Sales and Display",,"N","N","N","Y","N","Y","Y","Y","Y","Y","N","Y","N","Y","Y","N","N","Y","Y","Y","Y","N","N","N","N","N","N","N","N","N","N","N","N","N","N","N","Y","Y","Y"
86,"Restaurant:",,"N","N","N","Y","N","Y","Y","Y","Y","Y","N","Y","N","Y","Y","N","N","Y","Y","Y","Y","N","N","N","N","N","N","N","N","N","N","N","N","N","N","N","Y","Y","Y"
87,"Restaurants-Drive-Through",,"N","N","N","Y","N","Y","Y","Y","Y","Y","N","N","N","Y","Y","N","N","Y","Y","N","N","N","N","N","N","N","N","N","N","N","N","N","N","N","N","N","N","N","Y"
88,"Stands/Farmers Market —Farm Products, Fruits, Plants ",,"N","N","N","N","N","N","N","N","N","Y","N","N","N","N","N","N","N","N","N","N","N","N","N","N","N","N","N","N","N","N","N","N","N","N","N","N","N","N","N"
89,"Appraisal bureau or agency ",,"N","N","N","Y","N","Y","Y","N","Y","Y","N","Y","N","N","N","N","N","Y","Y","Y","Y","N","N","N","N","N","N","N","N","N","N","N","N","N","N","N","Y","Y","Y"
90,"Auto broker (purchasing service) ",,"N","N","N","Y","N","Y","Y","N","Y","Y","N","Y","N","N","N","N","N","Y","Y","Y","Y","N","N","N","N","N","N","N","N","N","N","N","N","N","N","N","Y","Y","Y"
91,"Bail bonding agent ",,"N","N","N","Y","N","Y","Y","N","Y","Y","N","Y","N","N","N","N","N","Y","Y","Y","Y","N","N","N","N","N","N","N","N","N","N","N","N","N","N","N","Y","Y","Y"
92,"Bank Building & Loan Association and Auto Teller",,"N","N","N","Y","N","Y","Y","N","Y","Y","N","Y","N","N","N","N","N","Y","Y","Y","Y","N","N","N","N","N","N","N","N","N","N","N","N","N","N","N","Y","Y","Y"
93,"Bonding Business and Company",,"N","N","N","Y","N","Y","Y","N","Y","Y","N","Y","N","N","N","N","N","Y","Y","Y","Y","N","N","N","N","N","N","N","N","N","N","N","N","N","N","N","Y","Y","Y"
94,"Contractor/sub-contractor Offices",,"N","N","N","Y","N","Y","Y","N","Y","Y","N","Y","N","N","N","N","N","Y","Y","Y","Y","N","N","N","N","N","N","N","N","N","N","N","N","N","N","N","Y","Y","Y"
95,"Insurance Adjustor, Agent, Claims Investigator ",,"N","N","N","Y","N","Y","Y","N","Y","Y","N","Y","N","N","N","N","N","Y","Y","Y","Y","N","N","N","N","N","N","N","N","N","N","N","N","N","N","N","Y","Y","Y"
96,"Insurance company or broker ",,"N","N","N","Y","N","Y","Y","N","Y","Y","N","Y","N","N","N","N","N","Y","Y","Y","Y","N","N","N","N","N","N","N","N","N","N","N","N","N","N","N","Y","Y","Y"
97,"Loan & Finance Company ",,"N","N","N","Y","N","Y","Y","N","Y","Y","N","Y","N","N","N","N","N","Y","Y","Y","Y","N","N","N","N","N","N","N","N","N","N","N","N","N","N","N","Y","Y","Y"
98,"Merchant—Importer ",,"N","N","N","Y","N","Y","Y","N","Y","Y","N","Y","N","N","N","N","N","Y","Y","Y","Y","N","N","N","N","N","N","N","N","N","N","N","N","N","N","N","Y","Y","Y"
99,"Money transfer only ",,"N","N","N","Y","N","Y","Y","N","Y","Y","N","Y","N","N","N","N","N","Y","Y","Y","Y","N","N","N","N","N","N","N","N","N","N","N","N","N","N","N","Y","Y","Y"
100,"Mortgage or loan—Agent, Broker , Solicitor",,"N","N","N","Y","N","Y","Y","N","Y","Y","N","Y","N","N","N","N","N","Y","Y","Y","Y","N","N","N","N","N","N","N","N","N","N","N","N","N","N","N","Y","Y","Y"
101,"Real estate appraiser ",,"N","N","N","Y","N","Y","Y","N","Y","Y","N","Y","N","N","N","N","N","Y","Y","Y","Y","N","N","N","N","N","N","N","N","N","N","N","N","N","N","N","Y","Y","Y"
102,"Real Estate broker and Salesperson ",,"N","N","N","Y","N","Y","Y","N","Y","Y","N","Y","N","N","N","N","N","Y","Y","Y","Y","N","N","N","N","N","N","N","N","N","N","N","N","N","N","N","Y","Y","Y"
103,"Real estate listing bureau ",,"N","N","N","Y","N","Y","Y","N","Y","Y","N","Y","N","N","N","N","N","Y","Y","Y","Y","N","N","N","N","N","N","N","N","N","N","N","N","N","N","N","Y","Y","Y"
104,"Stock Bonds Mutual fund—Dealers and Sales ",,"N","N","N","Y","N","Y","Y","N","Y","Y","N","Y","N","N","N","N","N","Y","Y","Y","Y","N","N","N","N","N","N","N","N","N","N","N","N","N","N","N","Y","Y","Y"
105,"Abstracts of title ",,"N","N","N","Y","N","Y","Y","N","Y","Y","N","Y","N","N","N","N","N","Y","Y","Y","Y","N","N","N","N","N","N","N","N","N","N","N","N","N","N","N","Y","Y","Y"
106,"Advertising matter—Distributor ",,"N","N","N","Y","N","Y","Y","N","Y","Y","N","Y","N","N","N","N","N","Y","Y","Y","Y","N","N","N","N","N","N","N","N","N","N","N","N","N","N","N","Y","Y","Y"
107,"Advertising—Agency ",,"N","N","N","Y","N","Y","Y","N","Y","Y","N","Y","N","N","N","N","N","Y","Y","Y","Y","N","N","N","N","N","N","N","N","N","N","N","N","N","N","N","Y","Y","Y"
108,"Advertising—Graphics/art layouts ",,"N","N","N","Y","N","Y","Y","N","Y","Y","N","Y","N","N","N","N","N","Y","Y","Y","Y","N","N","N","N","N","N","N","N","N","N","N","N","N","N","N","Y","Y","Y"
109,"Advertising—Motor vehicles ",,"N","N","N","Y","N","Y","Y","N","Y","Y","N","Y","N","N","N","N","N","Y","Y","Y","Y","N","N","N","N","N","N","N","N","N","N","N","N","N","N","N","Y","Y","Y"
110,"Advertising—Outdoor signs & billboards ",,"N","N","N","Y","N","Y","Y","N","Y","Y","N","Y","N","N","N","N","N","Y","Y","Y","Y","N","N","N","N","N","N","N","N","N","N","N","N","N","N","N","Y","Y","Y"
111,"Advertising—Sound amplifying vehicles ",,"N","N","N","Y","N","Y","Y","N","Y","Y","N","Y","N","N","N","N","N","Y","Y","Y","Y","N","N","N","N","N","N","N","N","N","N","N","N","N","N","N","Y","Y","Y"
112,"Advertising—Trade inducement ",,"N","N","N","Y","N","Y","Y","N","Y","Y","N","Y","N","N","N","N","N","Y","Y","Y","Y","N","N","N","N","N","N","N","N","N","N","N","N","N","N","N","Y","Y","Y"
113,"Agency ",,"N","N","N","Y","N","Y","Y","N","Y","Y","N","Y","N","N","N","N","N","Y","Y","Y","Y","N","N","N","N","N","N","N","N","N","N","N","N","N","N","N","Y","Y","Y"
114,"Agency—Claims & collections ",,"N","N","N","Y","N","Y","Y","N","Y","Y","N","Y","N","N","N","N","N","Y","Y","Y","Y","N","N","N","N","N","N","N","N","N","N","N","N","N","N","N","Y","Y","Y"
115,"Agency—Credit reporting ",,"N","N","N","Y","N","Y","Y","N","Y","Y","N","Y","N","N","N","N","N","Y","Y","Y","Y","N","N","N","N","N","N","N","N","N","N","N","N","N","N","N","Y","Y","Y"
116,"Agency—Display/stock not for sale ",,"N","N","N","Y","N","Y","Y","N","Y","Y","N","Y","N","N","N","N","N","Y","Y","Y","Y","N","N","N","N","N","N","N","N","N","N","N","N","N","N","N","Y","Y","Y"
117,"Agency—Employment ",,"N","N","N","Y","N","Y","Y","N","Y","Y","N","Y","N","N","N","N","N","Y","Y","Y","Y","N","N","N","N","N","N","N","N","N","N","N","N","N","N","N","Y","Y","Y"
118,"Agency—Equipment ",,"N","N","N","Y","N","Y","Y","N","Y","Y","N","Y","N","N","N","N","N","Y","Y","Y","Y","N","N","N","N","N","N","N","N","N","N","N","N","N","N","N","Y","Y","Y"
119,"Agency—Manufacturer's representative ",,"N","N","N","Y","N","Y","Y","N","Y","Y","N","Y","N","N","N","N","N","Y","Y","Y","Y","N","N","N","N","N","N","N","N","N","N","N","N","N","N","N","Y","Y","Y"
120,"Agency—Marketing ",,"N","N","N","Y","N","Y","Y","N","Y","Y","N","Y","N","N","N","N","N","Y","Y","Y","Y","N","N","N","N","N","N","N","N","N","N","N","N","N","N","N","Y","Y","Y"
121,"Agency—Private detective/investigative ",,"N","N","N","Y","N","Y","Y","N","Y","Y","N","Y","N","N","N","N","N","Y","Y","Y","Y","N","N","N","N","N","N","N","N","N","N","N","N","N","N","N","Y","Y","Y"
122,"Agency—Private investigative:",,"N","N","N","Y","N","Y","Y","N","Y","Y","N","Y","N","N","N","N","N","Y","Y","Y","Y","N","N","N","N","N","N","N","N","N","N","N","N","N","N","N","Y","Y","Y"
123,"Agency—Temp. services (originally Serv. For Pub.) ",,"N","N","N","Y","N","Y","Y","N","Y","Y","N","Y","N","N","N","N","N","Y","Y","Y","Y","N","N","N","N","N","N","N","N","N","N","N","N","N","N","N","Y","Y","Y"
124,"Amusement park/permanently located ",,"N","N","N","Y","N","Y","Y","N","Y","Y","N","N","N","Y","Y","N","N","Y","Y","N","N","N","N","N","N","N","N","N","N","N","N","N","N","N","N","N","Y","Y","Y"
125,"Animal Care—Boarding ",,"N","N","N","N","N","N","N","N","Y","N","N","N","N","N","N","N","N","N","N","Y","Y","N","N","N","N","N","N","N","N","N","N","N","N","N","N","N","N","N","N"
126,"Animal care—Grooming ",,"N","N","N","N","N","N","N","N","Y","N","N","N","N","N","N","N","N","N","N","Y","Y","N","N","N","N","N","N","N","N","N","N","N","N","N","N","N","N","N","N"
127,"Animal care—Hospital without vet ",,"N","N","N","N","Y","N","Y","N","Y","Y","N","Y","N","Y","Y","N","N","Y","Y","Y","Y","N","N","N","N","N","N","N","N","N","N","N","N","N","N","N","Y","Y","Y"
128,"Apartment, condominium, etc. rental:",,"N","N","N","N","N","N","N","N","Y","N","N","N","N","N","N","N","N","N","N","Y","Y","N","N","N","N","N","N","N","N","N","N","N","N","N","N","N","N","N","N"
129,"Armored car service ",,"N","N","N","Y","N","Y","Y","N","Y","Y","N","Y","N","Y","Y","N","N","Y","Y","Y","Y","N","N","N","N","N","N","N","N","N","N","N","N","N","N","N","Y","Y","N"
130,"Auction shop ",,"N","N","N","Y","N","Y","Y","Y","Y","Y","N","N","N","N","N","N","N","Y","Y","N","N","N","N","N","N","N","N","N","N","N","N","N","N","N","N","N","Y","Y","Y"
131,"Auctioneer ",,"N","N","N","Y","N","Y","N","N","Y","Y","N","Y","N","Y","Y","N","N","Y","Y","Y","Y","N","N","N","N","N","N","N","N","N","N","N","N","N","N","N","Y","Y","N"
132,"Auto—Body painting, upholstery & top shop:",,"N","N","N","N","N","Y","Y","Y","N","N","N","N","N","Y","Y","N","N","N","N","N","N","N","N","N","N","N","N","N","N","N","N","N","N","N","N","N","N","N","N"
133,"Auto - Brake & Tire Shop",,,,,,,,,,,,,,,,,,,,,,,,,,,,,,,,,,,,,,,,
134,"Auto-Car Cleaning, Waxing and Detailing:",,"N","N","N","N","N","Y","Y","N","N","N","N","N","N","Y","Y","N","N","N","N","N","N","N","N","N","N","N","N","N","N","N","N","N","N","N","N","N","N","N","N"
135,"Auto—Carwash Mechanical:",,"N","N","N","N","N","N","Y","N","N","N","N","N","N","Y","Y","N","N","N","N","N","N","N","N","N","N","N","N","N","N","N","N","N","N","N","N","N","N","N","Y"
136,"Automobile repair:",,"N","N","N","Y","N","Y","Y","Y","N","N","N","N","N","Y","Y","N","N","N","N","N","N","N","N","N","N","N","N","N","N","N","N","N","N","N","N","N","N","N","N"
137,"Auto recovery service:",,"N","N","N","Y","N","Y","N","N","Y","Y","N","Y","N","Y","Y","N","N","Y","Y","Y","Y","N","N","N","N","N","N","N","N","N","N","N","N","N","N","N","Y","Y","Y"
138,"Auto—Rental of trailers to be towed ",,,,,,,,,,,,,,,,,,,,,,,,,,,,,,,,,,,,,,,,
139,"Auto—Stall rental for repair:",,,,,,,,,,,,,,,,,,,,,,,,,,,,,,,,,,,,,,,,
140,"Auto—Rental - U Drive It leasing:",,"N","N","N","N","N","Y","Y","N","N","N","N","N","N","Y","Y","N","N","N","N","N","N","N","N","N","N","N","N","N","N","N","N","N","N","N","N","N","N","N","N"
141,"Auto—Vehicle repair garage (incl. motorcycle) ",,"N","N","N","N","N","Y","Y","N","N","N","N","N","N","Y","Y","N","N","N","N","N","N","N","N","N","N","N","N","N","N","N","N","N","N","N","N","N","N","N","N"
142,"Auto—Wrecker service:",,"N","N","N","N","N","N","N","N","N","N","N","N","N","Y","Y","N","N","N","N","N","N","N","N","N","N","N","N","N","N","N","N","N","N","N","N","N","N","N","Y"
143,"Automobile association ",,"N","N","N","N","N","Y","Y","Y","Y","N","N","Y","N","N","N","N","N","Y","Y","Y","Y","N","N","N","N","N","N","N","N","N","N","N","N","N","N","N","Y","Y","Y"
144,"Banquet hall ",,"N","N","N","Y","N","Y","Y","Y","Y","Y","N","N","N","Y","Y","N","N","Y","Y","N","N","N","N","N","N","N","N","N","N","N","N","N","N","N","N","N","Y","Y","Y"
145,"Barbershop/beauty parlor:",,"N","N","N","N","N","Y","Y","Y","Y","Y","N","N","N","Y","Y","N","N","Y","Y","Y","Y","N","N","N","N","N","N","N","N","N","N","N","N","N","N","N","Y","N","Y"
146,"Bed and Breakfast Establishments",,"N","N","N","N","N","N","Y","Y","N","Y","N","N","N","N","N","N","N","N","N","N","N","N","N","N","N","N","N","N","N","N","N","N","N","N","N","N","Y","Y","N"
147,"Billiards, bagatelle or pool:",,"N","N","N","N","N","Y","Y","Y","Y","Y","N","Y","N","Y","Y","N","N","Y","Y","N","N","N","N","N","N","N","N","N","N","N","N","N","N","N","N","N","Y","Y","Y"
148,"Bookkeeping or income tax service ",,"N","N","N","Y","N","Y","Y","N","Y","Y","N","Y","N","N","N","N","N","Y","Y","Y","Y","N","N","N","N","N","N","N","N","N","N","N","N","N","N","N","Y","Y","Y"
149,"Bottle Club",,,,,,,,,,,,,,,,,,,,,,,,,,,,,,,,,,,,,,,,
150,"Bowling alley:",,"N","N","N","N","N","Y","Y","Y","Y","Y","N","N","N","Y","Y","N","N","Y","Y","N","N","N","N","N","N","N","N","N","N","N","N","N","N","N","N","N","Y","Y","Y"
151,"Brewery",,"N","N","N","Y","N","Y","Y","Y","Y","Y","N","Y","N","Y","Y","N","N","Y","Y","Y","Y","N","N","N","N","N","N","N","N","N","N","N","N","N","N","N","Y","Y","Y"
152,"Burglar alarm—Rental/leasing of equip ",,"N","N","N","Y","N","Y","N","N","Y","Y","N","Y","N","Y","Y","N","N","Y","Y","Y","Y","N","N","N","N","N","N","N","N","N","N","N","N","N","N","N","Y","Y","Y"
153,"Business office—Not otherwise taxed:",,"N","N","N","Y","N","Y","Y","N","Y","Y","N","Y","N","N","N","N","N","Y","Y","Y","Y","N","N","N","N","N","N","N","N","N","N","N","N","N","N","N","Y","Y","Y"
154,"Child Care Services",,"N","N","N","Y","N","Y","Y","Y","Y","Y","N","Y","N","Y","Y","N","N","Y","Y","Y","Y","N","N","N","N","N","N","N","N","N","N","N","N","N","N","N","Y","Y","Y"
155,"Elder Care Services",,"N","N","N","Y","N","Y","Y","Y","Y","Y","N","Y","N","Y","Y","N","N","Y","Y","Y","Y","N","N","N","N","N","N","N","N","N","N","N","N","N","N","N","Y","Y","Y"
156,"Home Health Agency",,"N","N","N","Y","N","Y","Y","Y","Y","Y","N","Y","N","Y","Y","N","N","Y","Y","Y","Y","N","N","N","N","N","N","N","N","N","N","N","N","N","N","N","Y","Y","Y"
157,"Assisted Living Facilities",,"N","N","N","Y","N","Y","Y","Y","Y","Y","N","Y","N","Y","Y","N","N","Y","Y","Y","Y","N","N","N","N","N","N","N","N","N","N","N","N","N","N","N","Y","Y","Y"
158,"Adult Day Care Centers",,"N","N","N","Y","N","Y","Y","Y","Y","Y","N","Y","N","Y","Y","N","N","Y","Y","Y","Y","N","N","N","N","N","N","N","N","N","N","N","N","N","N","N","Y","Y","Y"
159,"Adult Family Care Homes",,"N","N","N","Y","N","Y","Y","Y","Y","Y","N","Y","N","Y","Y","N","N","Y","Y","Y","Y","N","N","N","N","N","N","N","N","N","N","N","N","N","N","N","Y","Y","Y"
160,"Coin-Operated Amusement and Music Machines",,,,,,,,,,,,,,,,,,,,,,,,,,,,,,,,,,,,,,,,
161,"Coin Operated Weighing Machines",,,,,,,,,,,,,,,,,,,,,,,,,,,,,,,,,,,,,,,,
162,"Contest company ",,,,,,,,,,,,,,,,,,,,,,,,,,,,,,,,,,,,,,,,
163,"Copy business:",,"N","N","N","Y","N","Y","N","N","Y","Y","N","Y","N","Y","Y","N","N","Y","Y","Y","Y","N","N","N","N","N","N","N","N","N","N","N","N","N","N","N","Y","Y","Y"
164,"Counselor/advisor (non-professional):",,"N","N","N","Y","N","Y","Y","N","Y","Y","N","Y","N","N","N","N","N","Y","Y","Y","Y","N","N","N","N","N","N","N","N","N","N","N","N","N","N","N","Y","Y","Y"
166,"Counselor/advisor—Hearing aid:",,"N","N","N","N","N","N","N","N","Y","N","N","N","N","N","N","N","N","N","N","Y","Y","N","N","N","N","N","N","N","N","N","N","N","N","N","N","N","N","N","N"
167,"Dance hall ",,"N","N","N","N","N","Y","Y","Y","Y","Y","N","N","N","Y","Y","N","N","Y","Y","N","N","N","N","N","N","N","N","N","N","N","N","N","N","N","N","N","Y","Y","Y"
168,"Data processing service:",,"N","N","N","Y","N","Y","Y","N","Y","Y","N","Y","N","N","N","N","N","Y","Y","Y","Y","N","N","N","N","N","N","N","N","N","N","N","N","N","N","N","Y","Y","Y"
169,"Dental hygienist/assistant ",,"N","N","N","Y","N","Y","Y","N","Y","Y","N","Y","N","N","N","Y","N","Y","Y","Y","Y","N","N","N","N","N","N","N","N","N","N","N","N","N","N","N","Y","Y","Y"
170,"Divine healer ",,"N","N","N","Y","N","Y","Y","Y","Y","Y","N","Y","N","Y","Y","N","N","Y","Y","Y","Y","N","N","N","N","N","N","N","N","N","N","N","N","N","N","N","Y","Y","Y"
171,"Dry clean plant ",,"N","N","N","N","N","Y","Y","Y","Y","Y","N","N","N","Y","Y","N","N","Y","Y","N","N","N","N","N","N","N","N","N","N","N","N","N","N","N","N","N","Y","Y","Y"
172,"Dry clean—Pick up station/no local plant ",,"N","N","N","N","N","Y","Y","Y","Y","Y","N","N","N","Y","Y","N","N","Y","Y","N","N","N","N","N","N","N","N","N","N","N","N","N","N","N","N","N","Y","Y","Y"
173,"Dry clean—self service or automatic:",,"N","N","N","N","N","Y","Y","Y","Y","Y","N","N","N","Y","Y","N","N","Y","Y","N","N","N","N","N","N","N","N","N","N","N","N","N","N","N","N","N","Y","Y","Y"
174,"Electronics—Computer Analyst and Programmers ",,"N","N","N","Y","N","Y","Y","N","Y","Y","N","Y","N","Y","Y","N","N","Y","Y","Y","Y","N","N","N","N","N","N","N","N","N","N","N","N","N","N","N","Y","Y","Y"
175,"Event & Wedding Planning",,,,,,,,,,,,,,,,,,,,,,,,,,,,,,,,,,,,,,,,
176,"Exterminator—Termites/other insects ",,"N","N","N","Y","N","Y","Y","N","Y","Y","N","Y","N","Y","Y","N","N","Y","Y","Y","Y","N","N","N","N","N","N","N","N","N","N","N","N","N","N","N","Y","Y","N"
177,"Fire alarm monitoring companies",,,,,,,,,,,,,,,,,,,,,,,,,,,,,,,,,,,,,,,,
178,"Fire alarm operators:",,,,,,,,,,,,,,,,,,,,,,,,,,,,,,,,,,,,,,,,
179,"Fire alarm system contractors:",,,,,,,,,,,,,,,,,,,,,,,,,,,,,,,,,,,,,,,,
180,"Fortuneteller—Required fingerprinting:",,"N","N","N","N","N","Y","Y","Y","Y","Y","N","N","N","Y","Y","N","N","Y","Y","Y","Y","N","N","N","N","N","N","N","N","N","N","N","N","N","N","N","Y","Y","Y"
181,"Funeral home ",,"N","N","N","N","N","Y","Y","Y","Y","Y","N","N","N","Y","Y","N","N","Y","Y","N","Y","N","N","N","N","N","N","N","N","N","N","N","N","N","N","N","Y","Y","Y"
182,"Go-karts amusement ",,"N","N","N","N","N","N","Y","N","N","N","N","N","N","N","N","N","N","N","N","N","N","N","N","N","N","N","N","N","N","N","N","N","N","N","N","N","N","N","N"
183,"Amusement rides and services ",,"N","N","N","N","N","N","Y","N","N","Y","N","N","N","Y","Y","N","N","N","N","N","N","N","N","N","N","N","N","N","N","N","N","N","N","N","N","N","N","N","Y"
184,"Golf—Driving range only ",,"N","N","N","N","Y","N","Y","N","N","Y","N","N","N","Y","Y","N","N","N","N","N","N","N","N","N","N","N","N","N","N","N","N","N","N","N","N","N","N","N","Y"
185,"Golf—Miniature course ",,"N","N","N","N","Y","N","Y","N","N","Y","N","N","N","Y","Y","N","N","N","N","N","N","N","N","N","N","N","N","N","N","N","N","N","N","N","N","N","N","N","Y"
186,"Golf—Regular course, 9 or 18 holes ",,"N","N","N","N","Y","N","Y","N","N","Y","N","N","N","Y","Y","N","N","N","N","N","N","N","N","N","N","N","N","N","N","N","N","N","N","N","N","N","N","N","Y"
187,"Gymnasium, athletic club or health salon ",,"N","N","N","Y","N","Y","N","Y","Y","Y","N","Y","N","Y","Y","N","N","Y","Y","Y","N","N","N","N","N","N","N","N","N","N","N","N","N","N","N","N","Y","Y","Y"
188,"Hospital ",,"N","N","N","N","N","N","Y","N","N","N","N","N","N","N","N","Y","N","N","N","N","N","N","N","N","N","N","N","N","N","N","N","N","N","N","N","N","Y","Y","N"
189,"Hotel, rooming house, motel, tourist, ct.:",,"N","N","N","N","N","N","Y","Y","N","Y","N","N","N","N","N","N","N","N","N","N","N","N","N","N","N","N","N","N","N","N","N","N","N","N","N","N","Y","Y","N"
190,"Interior decorator/designer ",,"N","N","N","Y","N","Y","Y","N","Y","Y","N","Y","N","N","N","N","N","Y","Y","Y","Y","N","N","N","N","N","N","N","N","N","N","N","N","N","N","N","Y","Y","N"
191,"Janitorial & Allied Services — Exterior and Interior cleaning",,"N","N","N","Y","N","Y","Y","N","Y","Y","N","Y","N","N","N","N","N","Y","Y","Y","Y","N","N","N","N","N","N","N","N","N","N","N","N","N","N","N","Y","Y","N"
192,"Janitorial & Allied Services—Parking Lot sweeping",,"N","N","N","Y","N","Y","Y","N","Y","Y","N","Y","N","N","N","N","N","Y","Y","Y","Y","N","N","N","N","N","N","N","N","N","N","N","N","N","N","N","Y","Y","N"
193,"Kennel—Dog & other animals ",,,,,,,,,,,,,,,,,,,,,,,,,,,,,,,,,,,,,,,,
194,"Laboratory ",,"N","N","N","Y","N","N","Y","Y","Y","Y","N","Y","N","N","N","N","N","Y","Y","Y","Y","N","N","N","N","N","N","N","N","N","N","N","N","N","N","N","Y","Y","N"
195,"Laboratory—Dental ",,"N","N","N","Y","N","N","Y","Y","Y","Y","N","Y","N","N","N","N","N","Y","Y","Y","Y","N","N","N","N","N","N","N","N","N","N","N","N","N","N","N","Y","Y","N"
196,"Laundry—Carpet/drape—off customer site ",,"N","N","N","N","N","Y","Y","Y","Y","Y","N","N","N","Y","Y","N","N","Y","Y","N","N","N","N","N","N","N","N","N","N","N","N","N","N","N","N","N","Y","Y","Y"
197,"Laundry—Diaper service only ",,"N","N","N","N","N","Y","Y","Y","Y","Y","N","N","N","Y","Y","N","N","Y","Y","N","N","N","N","N","N","N","N","N","N","N","N","N","N","N","N","N","Y","Y","Y"
198,"Laundry—Facility ",,"N","N","N","N","N","Y","Y","Y","Y","Y","N","N","N","Y","Y","N","N","Y","Y","N","N","N","N","N","N","N","N","N","N","N","N","N","N","N","N","N","Y","Y","Y"
199,"Laundry—Self service or automatic:",,"N","N","N","N","N","Y","Y","Y","Y","Y","N","N","N","Y","Y","N","N","Y","Y","N","N","N","N","N","N","N","N","N","N","N","N","N","N","N","N","N","Y","Y","Y"
200,"Lawn/yard maintenance:",,"N","N","N","N","N","N","Y","N","Y","Y","N","Y","N","Y","Y","N","N","Y","Y","Y","Y","N","N","N","N","N","N","N","N","N","N","N","N","N","N","N","Y","Y","Y"
201,"Linen, uniform & towel service only ",,"N","N","N","N","N","Y","Y","Y","Y","Y","N","N","N","Y","Y","N","N","Y","Y","N","N","N","N","N","N","N","N","N","N","N","N","N","N","N","N","N","Y","Y","Y"
202,"Marketing Consultant",,"N","N","N","Y","N","Y","Y","Y","Y","Y","N","Y","N","Y","Y","N","N","Y","Y","Y","Y","N","N","N","N","N","N","N","N","N","N","N","N","N","N","N","Y","Y","Y"
203,"Masseur/masseuse ",,"N","N","N","N","N","Y","Y","Y","Y","Y","N","N","N","Y","Y","N","N","Y","Y","Y","Y","N","N","N","N","N","N","N","N","N","N","N","N","N","N","N","Y","Y","Y"
204,"Microfilming/not lic. as photographer ",,"N","N","N","Y","N","Y","Y","N","Y","Y","N","Y","N","Y","Y","N","N","Y","Y","Y","N","N","N","N","N","N","N","N","N","N","N","N","N","N","N","N","Y","Y","Y"
205,"Mobile home serv, repair, awn. Inst.:",,"N","N","N","N","N","Y","Y","N","Y","Y","N","Y","N","Y","Y","N","N","Y","Y","N","N","N","N","N","N","N","N","N","N","N","N","N","N","N","N","N","N","N","Y"
206,"Modeling/Talent Agency",,"N","N","N","Y","N","Y","Y","Y","Y","Y","N","Y","N","Y","Y","N","N","Y","Y","Y","Y","N","N","N","N","N","N","N","N","N","N","N","N","N","N","N","Y","Y","Y"
207,"Motorcycle Mechanic",,"N","N","N","Y","N","Y","Y","Y","Y","Y","N","Y","N","Y","Y","N","N","Y","Y","Y","Y","N","N","N","N","N","N","N","N","N","N","N","N","N","N","N","Y","Y","Y"
208,"Museum ",,"N","N","N","N","N","N","N","N","Y","Y","N","N","N","N","N","N","N","Y","Y","N","N","N","Y","N","N","N","N","N","N","N","N","N","N","N","N","N","Y","Y","Y"
209,"Newspaper—Local office for o/c paper ",,"N","N","N","Y","N","Y","Y","N","Y","Y","N","Y","N","Y","Y","N","N","Y","Y","Y","Y","N","N","N","N","N","N","N","N","N","N","N","N","N","N","N","Y","Y","Y"
210,"Nightclub",,"N","N","N","Y","N","Y","Y","Y","Y","Y","N","Y","N","Y","Y","N","N","Y","Y","Y","Y","N","N","N","N","N","N","N","N","N","N","N","N","N","N","N","Y","Y","Y"
211,"Notary public:",,"N","N","N","Y","N","Y","Y","N","Y","Y","N","Y","N","Y","Y","N","N","Y","Y","Y","N","N","N","N","N","N","N","N","N","N","N","N","N","N","N","N","Y","Y","Y"
212,"Photo or film dev./not otherwise lic ",,"N","N","N","Y","N","Y","Y","N","Y","Y","N","Y","N","Y","Y","N","N","Y","Y","Y","N","N","N","N","N","N","N","N","N","N","N","N","N","N","N","N","Y","Y","Y"
213,"Photographer ",,"N","N","N","Y","N","Y","Y","N","Y","Y","N","Y","N","Y","Y","N","N","Y","Y","Y","N","N","N","N","N","N","N","N","N","N","N","N","N","N","N","N","Y","Y","Y"
214,"Physical/speech therapy ",,"N","N","N","Y","N","N","Y","N","Y","Y","N","Y","N","N","N","Y","N","Y","Y","Y","Y","N","N","N","N","N","N","N","N","N","N","N","N","N","N","N","Y","Y","Y"
215,"Piano/organ tuner ",,"N","N","N","N","N","N","Y","N","Y","Y","N","N","N","Y","Y","N","N","Y","Y","N","N","N","N","N","N","N","N","N","N","N","N","N","N","N","N","N","N","N","Y"
216,"Places of Religious Assembly",,"N","N","N","Y","Y","Y","Y","Y","Y","Y","N","N","N","N","N","Y","N","Y","Y","Y","Y","N","Y","N","N","N","N","N","N","N","N","N","N","N","N","N","Y","Y","Y"
217,"Professional General",,"N","N","N","Y","N","Y","Y","N","Y","Y","N","Y","N","N","N","Y","N","Y","Y","Y","Y","N","N","N","N","N","N","N","N","N","N","N","N","N","N","N","Y","Y","Y"
218,"Professional—Accountant/auditor ",,"N","N","N","Y","N","Y","Y","N","Y","Y","N","Y","N","Y","N","N","N","Y","Y","Y","Y","N","N","N","N","N","N","N","N","N","N","N","N","N","N","N","Y","Y","Y"
219,"Professional—Acupuncture ",,"N","N","N","Y","N","Y","Y","N","Y","Y","N","Y","N","N","N","Y","N","Y","Y","Y","Y","N","N","N","N","N","N","N","N","N","N","N","N","N","N","N","Y","Y","Y"
220,"Professional—Architect ",,"N","N","N","Y","N","Y","Y","N","Y","Y","N","Y","N","Y","N","N","N","Y","Y","Y","Y","N","N","N","N","N","N","N","N","N","N","N","N","N","N","N","Y","Y","Y"
221,"Professional—Artist ",,"N","N","N","Y","N","Y","Y","N","Y","Y","N","Y","N","N","N","N","N","Y","Y","Y","Y","N","N","N","N","N","N","N","N","N","N","N","N","N","N","N","Y","Y","Y"
222,"Professional—Artist/tattoo ",,"N","N","N","Y","N","Y","Y","N","Y","Y","N","Y","N","N","N","N","N","Y","Y","Y","Y","N","N","N","N","N","N","N","N","N","N","N","N","N","N","N","Y","Y","Y"
223,"Professional—Athletic trainer ",,"N","N","N","Y","N","Y","Y","N","Y","Y","N","Y","N","N","N","N","N","Y","Y","Y","Y","N","N","N","N","N","N","N","N","N","N","N","N","N","N","N","Y","Y","Y"
224,"Professional—Attorney/lawyer ",,"N","N","N","Y","N","Y","Y","N","Y","Y","N","Y","N","N","N","N","N","Y","Y","Y","Y","N","N","N","N","N","N","N","N","N","N","N","N","N","N","N","Y","Y","Y"
225,"Professional—Branch office ",,"N","N","N","Y","N","Y","Y","N","Y","Y","N","Y","N","N","N","N","N","Y","Y","Y","Y","N","N","N","N","N","N","N","N","N","N","N","N","N","N","N","Y","Y","Y"
226,"Professional—Chemist ",,"N","N","N","Y","N","Y","Y","N","Y","Y","N","Y","N","N","N","Y","N","Y","Y","Y","Y","N","N","N","N","N","N","N","N","N","N","N","N","N","N","N","Y","Y","Y"
227,"Professional—Chiropractor ",,"N","N","N","Y","N","Y","Y","N","Y","Y","N","Y","N","N","N","Y","N","Y","Y","Y","Y","N","N","N","N","N","N","N","N","N","N","N","N","N","N","N","Y","Y","Y"
228,"Professional—Clinical social worker ",,"N","N","N","Y","N","Y","Y","N","Y","Y","N","Y","N","N","N","Y","N","Y","Y","Y","Y","N","N","N","N","N","N","N","N","N","N","N","N","N","N","N","Y","Y","Y"
229,"Professional—Consultant ",,"N","N","N","Y","N","Y","Y","N","Y","Y","N","Y","N","N","N","Y","N","Y","Y","Y","Y","N","N","N","N","N","N","N","N","N","N","N","N","N","N","N","Y","Y","Y"
230,"Professional—Dentist ",,"N","N","N","Y","N","Y","Y","N","Y","Y","N","Y","N","N","N","Y","N","Y","Y","Y","Y","N","N","N","N","N","N","N","N","N","N","N","N","N","N","N","Y","Y","Y"
231,"Professional—Direct disposer (cremation) ",,"N","N","N","Y","N","Y","Y","N","Y","Y","N","Y","N","Y","N","Y","N","Y","Y","Y","Y","N","N","N","N","N","N","N","N","N","N","N","N","N","N","N","Y","Y","Y"
232,"Professional—Engineer/civil, consulting ",,"N","N","N","Y","N","Y","Y","N","Y","Y","N","Y","N","Y","N","N","N","Y","Y","Y","Y","N","N","N","N","N","N","N","N","N","N","N","N","N","N","N","Y","Y","Y"
234,"Professional—IT & Software Developer",,,,,,,,,,,,,,,,,,,,,,,,,,,,,,,,,,,,,,,,
235,"Professional—Land surveyor ",,"N","N","N","Y","N","Y","Y","N","Y","Y","N","Y","N","N","N","N","N","Y","Y","Y","Y","N","N","N","N","N","N","N","N","N","N","N","N","N","N","N","Y","Y","Y"
236,"Professional—Landscape architect ",,"N","N","N","Y","N","Y","Y","N","Y","Y","N","Y","N","N","N","N","N","Y","Y","Y","Y","N","N","N","N","N","N","N","N","N","N","N","N","N","N","N","Y","Y","Y"
237,"Professional—Marriage & family therapist ",,"N","N","N","Y","N","Y","Y","N","Y","Y","N","Y","N","N","N","N","N","Y","Y","Y","Y","N","N","N","N","N","N","N","N","N","N","N","N","N","N","N","Y","Y","Y"
238,"Professional—Mental health counselor ",,"N","N","N","Y","N","Y","Y","N","Y","Y","N","Y","N","N","N","Y","N","Y","Y","Y","Y","N","N","N","N","N","N","N","N","N","N","N","N","N","N","N","Y","Y","Y"
239,"Professional—Occupational therapist ",,"N","N","N","Y","N","Y","Y","N","Y","Y","N","Y","N","N","N","Y","N","Y","Y","Y","Y","N","N","N","N","N","N","N","N","N","N","N","N","N","N","N","Y","Y","Y"
240,"Professional—Optician filling prescrip. ",,"N","N","N","Y","N","Y","Y","N","Y","Y","N","Y","N","N","N","Y","N","Y","Y","Y","Y","N","N","N","N","N","N","N","N","N","N","N","N","N","N","N","Y","Y","Y"
241,"Professional—Optician/prescrip & lenses ",,"N","N","N","Y","N","Y","Y","N","Y","Y","N","Y","N","N","N","Y","N","Y","Y","Y","Y","N","N","N","N","N","N","N","N","N","N","N","N","N","N","N","Y","Y","Y"
242,"Professional—Optometrist ",,"N","N","N","Y","N","Y","Y","N","Y","Y","N","Y","N","N","N","Y","N","Y","Y","Y","Y","N","N","N","N","N","N","N","N","N","N","N","N","N","N","N","Y","Y","Y"
243,"Professional—Osteopathic physician ",,"N","N","N","Y","N","Y","Y","N","Y","Y","N","Y","N","N","N","Y","N","Y","Y","Y","Y","N","N","N","N","N","N","N","N","N","N","N","N","N","N","N","Y","Y","Y"
244,"Professional—Physician/surgeon (MD) ",,"N","N","N","Y","N","Y","Y","N","Y","Y","N","Y","N","N","N","Y","N","Y","Y","Y","Y","N","N","N","N","N","N","N","N","N","N","N","N","N","N","N","Y","Y","Y"
245,"Professional—Podiatrist ",,"N","N","N","Y","N","Y","Y","N","Y","Y","N","Y","N","N","N","Y","N","Y","Y","Y","Y","N","N","N","N","N","N","N","N","N","N","N","N","N","N","N","Y","Y","Y"
246,"Professional—Psychiatrist ",,"N","N","N","Y","N","Y","Y","N","Y","Y","N","Y","N","N","N","Y","N","Y","Y","Y","Y","N","N","N","N","N","N","N","N","N","N","N","N","N","N","N","Y","Y","Y"
247,"Professional—Psychologist ",,"N","N","N","Y","N","Y","Y","N","Y","Y","N","Y","N","N","N","Y","N","Y","Y","Y","Y","N","N","N","N","N","N","N","N","N","N","N","N","N","N","N","Y","Y","Y"
248,"Professional—Veterinarian ",,"N","N","N","Y","N","Y","Y","N","Y","Y","N","Y","N","N","N","N","N","Y","Y","Y","Y","N","N","N","N","N","N","N","N","N","N","N","N","N","N","N","Y","Y","Y"
249,"Professional—Writer ",,"N","N","N","Y","N","Y","Y","N","Y","Y","N","Y","N","N","N","N","N","Y","Y","Y","Y","N","N","N","N","N","N","N","N","N","N","N","N","N","N","N","Y","Y","Y"
250,"Promoter ",,"N","N","N","Y","N","Y","Y","N","Y","Y","N","N","N","N","N","N","N","Y","Y","Y","Y","N","N","N","N","N","N","N","N","N","N","N","N","N","N","N","Y","Y","Y"
251,"Publisher including graphics, etc ",,"N","N","N","Y","N","Y","Y","N","Y","Y","N","N","N","N","N","N","N","Y","Y","Y","Y","N","N","N","N","N","N","N","N","N","N","N","N","N","N","N","Y","Y","Y"
252,"Publisher—Agent ",,"N","N","N","Y","N","Y","Y","N","Y","Y","N","N","N","N","N","N","N","Y","Y","Y","Y","N","N","N","N","N","N","N","N","N","N","N","N","N","N","N","Y","Y","Y"
253,"Recording studio:",,"N","N","N","Y","N","Y","Y","N","Y","Y","N","N","N","N","N","N","N","Y","Y","Y","Y","N","N","N","N","N","N","N","N","N","N","N","N","N","N","N","Y","Y","Y"
254,"Recreational vehicle/motor homes, trucks  sales",,"N","N","N","N","N","Y","N","N","N","N","N","N","N","N","N","N","N","N","N","N","N","N","N","N","N","N","N","N","N","N","N","N","N","N","N","N","N","N","N"
255,"Recreational vehicle/trvl. trailers, etc  storage",,"N","N","N","N","N","N","Y","Y","N","N","N","N","N","Y","Y","N","N","N","N","N","N","N","N","N","N","N","N","N","N","N","N","N","N","N","N","N","N","N","Y"
256,"Recycling company:",,"N","N","N","N","N","N","N","N","N","N","N","N","N","N","Y","N","N","N","N","N","N","N","N","N","N","N","N","N","N","N","N","N","N","N","N","N","N","N","N"
257,"Rentals & Leasing Portable Buildings with outside storage",,"N","N","N","N","N","N","Y","N","N","N","N","N","N","Y","Y","N","N","N","N","N","N","N","N","N","N","N","N","N","N","N","N","N","N","N","N","N","N","N","Y"
258,"Rentals: Lleasing and Business:",,"N","N","N","Y","N","Y","Y","N","Y","Y","N","Y","N","N","N","N","N","Y","Y","Y","Y","N","N","N","N","N","N","N","N","N","N","N","N","N","N","N","Y","Y","Y"
259,"Rentals: Lleasing and Business with outside storage:",,"N","N","N","N","N","N","Y","N","N","N","N","N","N","Y","Y","N","N","N","N","N","N","N","N","N","N","N","N","N","N","N","N","N","N","N","N","N","N","N","Y"
260,"Rentals: Leasing of Equipment ",,"N","N","N","Y","N","Y","Y","N","Y","Y","N","Y","N","N","N","N","N","Y","Y","Y","Y","N","N","N","N","N","N","N","N","N","N","N","N","N","N","N","Y","Y","Y"
261,"Rentals: Leasing of Equipment with outside storage",,"N","N","N","N","N","N","Y","N","N","N","N","N","N","Y","Y","N","N","N","N","N","N","N","N","N","N","N","N","N","N","N","N","N","N","N","N","N","N","N","Y"
262,"Rentals and Leasing—Portable toilets with storage",,"N","N","N","N","N","N","Y","N","N","N","N","N","N","Y","Y","N","N","N","N","N","N","N","N","N","N","N","N","N","N","N","N","N","N","N","N","N","N","N","Y"
263,"Rentals and Leasing—Portable toilets no storage",,"N","N","N","Y","N","Y","Y","N","Y","Y","N","Y","N","N","N","N","N","Y","Y","Y","Y","N","N","N","N","N","N","N","N","N","N","N","N","N","N","N","Y","Y","Y"
264,"Rentals and Leasing—Sanitary containers with storage",,"N","N","N","N","N","N","Y","N","N","N","N","N","N","Y","Y","N","N","N","N","N","N","N","N","N","N","N","N","N","N","N","N","N","N","N","N","N","N","N","Y"
265,"Rentals and Leasing—Sanitary containers no storage",,"N","N","N","Y","N","Y","Y","N","Y","Y","N","Y","N","N","N","N","N","Y","Y","Y","Y","N","N","N","N","N","N","N","N","N","N","N","N","N","N","N","Y","Y","N"
266,"Rides/ferris wheels, etc.:",,"N","N","N","N","N","Y","Y","N","Y","Y","N","N","N","Y","Y","N","N","Y","Y","N","N","N","N","N","N","N","N","N","N","N","N","N","N","N","N","N","Y","Y","N"
267,"Rinks—bicycles, skating, etc ",,"N","N","N","N","N","Y","Y","N","Y","Y","N","N","N","Y","Y","N","N","Y","Y","N","N","N","N","N","N","N","N","N","N","N","N","N","N","N","N","N","Y","Y","N"
268,"Sanitarium, nursing home, etc ",,"N","N","N","N","N","N","Y","N","Y","Y","N","N","N","N","N","Y","N","Y","Y","Y","Y","N","N","N","N","N","N","N","N","N","N","N","N","N","N","N","Y","Y","N"
269,"School—Aircraft Classroom Only",,"N","N","N","N","N","Y","Y","N","Y","Y","N","Y","N","Y","Y","N","N","Y","Y","N","N","N","Y","N","N","N","N","N","N","N","N","N","N","N","N","N","Y","Y","Y"
270,"School—Animal care—Obedience & Training",,"N","N","N","N","N","N","Y","N","Y","Y","N","N","N","Y","Y","N","N","Y","Y","N","N","N","N","N","N","N","N","N","N","N","N","N","N","N","N","N","N","N","Y"
271,"School—Art studio ",,"N","N","N","N","N","Y","Y","N","Y","Y","N","Y","N","Y","Y","N","N","Y","Y","N","N","N","Y","N","N","N","N","N","N","N","N","N","N","N","N","N","Y","Y","Y"
272,"School—Automobile driving ",,"N","N","N","N","N","Y","Y","N","Y","Y","N","Y","N","Y","Y","N","N","Y","Y","N","N","N","Y","N","N","N","N","N","N","N","N","N","N","N","N","N","Y","Y","Y"
273,"School—Business ",,"N","N","N","N","N","Y","Y","N","Y","Y","N","Y","N","Y","Y","N","N","Y","Y","N","N","N","Y","N","N","N","N","N","N","N","N","N","N","N","N","N","Y","Y","Y"
274,"School—Cosmetology ",,"N","N","N","N","N","Y","Y","Y","Y","Y","N","N","N","Y","N","N","N","Y","Y","Y","Y","N","N","N","N","N","N","N","N","N","N","N","N","N","N","N","Y","Y","N"
275,"School—Crafts ",,"N","N","N","N","N","Y","Y","N","Y","Y","N","Y","N","Y","Y","N","N","Y","Y","N","N","N","Y","N","N","N","N","N","N","N","N","N","N","N","N","N","Y","Y","Y"
276,"School—Dancing ",,"N","N","N","N","N","Y","Y","N","Y","Y","N","Y","N","Y","Y","N","N","Y","Y","N","N","N","Y","N","N","N","N","N","N","N","N","N","N","N","N","N","Y","Y","Y"
277,"School—Dramatic ",,"N","N","N","N","N","Y","Y","N","Y","Y","N","Y","N","Y","Y","N","N","Y","Y","N","N","N","Y","N","N","N","N","N","N","N","N","N","N","N","N","N","Y","Y","Y"
278,"School—Exercise ",,"N","N","N","N","N","Y","Y","N","Y","Y","N","Y","N","Y","Y","N","N","Y","Y","N","N","N","Y","N","N","N","N","N","N","N","N","N","N","N","N","N","Y","Y","Y"
279,"School—Karate/judo ",,"N","N","N","N","N","Y","Y","N","Y","Y","N","Y","N","Y","Y","N","N","Y","Y","N","N","N","Y","N","N","N","N","N","N","N","N","N","N","N","N","N","Y","Y","Y"
280,"School—Model or charm ",,"N","N","N","N","N","Y","Y","N","Y","Y","N","Y","N","Y","Y","N","N","Y","Y","N","N","N","Y","N","N","N","N","N","N","N","N","N","N","N","N","N","Y","Y","Y"
281,"School—Music (piano, voice, instrument) ",,"N","N","N","N","N","Y","Y","N","Y","Y","N","Y","N","Y","Y","N","N","Y","Y","N","N","N","Y","N","N","N","N","N","N","N","N","N","N","N","N","N","Y","Y","Y"
282,"School    Private School General Education",,"N","N","N","N","N","Y","Y","N","Y","Y","N","Y","N","Y","Y","N","N","Y","Y","N","N","N","Y","N","N","N","N","N","N","N","N","N","N","N","N","N","Y","Y","Y"
283,"School    Professional General",,"N","N","N","N","N","Y","Y","N","Y","Y","N","Y","N","Y","Y","N","N","Y","Y","N","N","N","Y","N","N","N","N","N","N","N","N","N","N","N","N","N","Y","Y","Y"
284,"School    Public General Education",,"N","N","N","N","N","Y","Y","N","Y","Y","N","Y","N","Y","Y","N","N","Y","Y","N","N","N","Y","N","N","N","N","N","N","N","N","N","N","N","N","N","Y","Y","Y"
285,"School—Real estate ",,"N","N","N","N","N","Y","Y","N","Y","Y","N","Y","N","Y","Y","N","N","Y","Y","N","N","N","Y","N","N","N","N","N","N","N","N","N","N","N","N","N","Y","Y","Y"
286,"School—Riding or academy ",,"N","N","N","N","N","Y","Y","N","Y","Y","N","Y","N","Y","Y","N","N","Y","Y","N","N","N","Y","N","N","N","N","N","N","N","N","N","N","N","N","N","Y","Y","Y"
287,"Service for the public:",,"N","N","N","Y","N","Y","Y","N","Y","Y","N","Y","N","Y","Y","N","N","Y","Y","Y","N","N","N","N","N","N","N","N","N","N","N","N","N","N","N","N","Y","Y","Y"
288,"Service for the public—Repair:",,"N","N","N","Y","N","Y","Y","N","Y","Y","N","Y","N","Y","Y","N","N","Y","Y","Y","N","N","N","N","N","N","N","N","N","N","N","N","N","N","N","N","Y","Y","Y"
289,"Service for the public—Sewer cleaning:",,"N","N","N","N","N","Y","Y","N","Y","Y","N","N","N","Y","Y","N","N","Y","Y","N","N","N","N","N","N","N","N","N","N","N","N","N","N","N","N","N","N","N","Y"
290,"Shooting gallery ",,"N","N","N","N","Y","Y","Y","Y","Y","Y","N","N","N","Y","Y","N","N","Y","Y","N","N","N","Y","N","N","N","N","N","N","N","N","N","N","N","N","N","Y","Y","Y"
291,"Show—Small animals/dog, pony, etc ",,"N","N","N","N","N","N","Y","Y","Y","Y","N","N","N","Y","Y","N","N","Y","Y","N","N","N","N","N","N","N","N","N","N","N","N","N","N","N","N","N","Y","Y","Y"
292,"Show—Wrestling, boxing, musicals, etc ",,"N","N","N","N","N","N","Y","N","Y","Y","N","N","N","Y","Y","N","N","Y","Y","N","N","N","Y","N","N","N","N","N","N","N","N","N","N","N","N","N","Y","Y","Y"
293,"Shows Carnival and Circus ",,"N","N","N","N","N","Y","Y","N","Y","Y","N","N","N","Y","Y","N","N","Y","Y","N","N","N","Y","N","N","N","N","N","N","N","N","N","N","N","N","N","Y","Y","Y"
294,"Show and Exhibit (freaks, curiosities, etc.) ",,"N","N","N","N","N","Y","Y","N","Y","Y","N","N","N","Y","Y","N","N","Y","Y","N","N","N","Y","N","N","N","N","N","N","N","N","N","N","N","N","N","Y","Y","Y"
295,"Stenographer, typist, court reporter:",,"N","N","N","Y","N","Y","Y","N","Y","Y","N","Y","N","Y","Y","N","N","Y","Y","Y","Y","N","N","N","N","N","N","N","N","N","N","N","N","N","N","N","Y","Y","Y"
296,"Swimming pool",,"N","N","N","N","N","Y","Y","Y","Y","Y","N","N","N","Y","Y","N","N","Y","Y","N","N","N","Y","N","N","N","N","N","N","N","N","N","N","N","N","N","Y","Y","Y"
297,"Tailor ",,"N","N","N","N","N","Y","Y","Y","Y","Y","N","N","N","Y","Y","N","N","Y","Y","Y","N","N","N","N","N","N","N","N","N","N","N","N","N","N","N","N","Y","Y","Y"
298,"Taxidermist ",,"N","N","N","N","N","Y","Y","N","Y","Y","N","Y","N","Y","Y","Y","N","Y","Y","N","N","N","N","N","N","N","N","N","N","N","N","N","N","N","N","N","N","N","Y"
299,"Telephone answering service ",,"N","N","N","Y","N","Y","Y","N","Y","Y","N","Y","N","Y","Y","N","N","Y","Y","Y","Y","N","N","N","N","N","N","N","N","N","N","N","N","N","N","N","Y","Y","Y"
300,"Theater with Seating",,"N","N","N","N","N","Y","Y","Y","Y","Y","N","N","N","N","N","N","N","Y","Y","N","N","N","N","N","N","N","N","N","N","N","N","N","N","N","N","N","Y","Y","Y"
301,"Theater/drive-in ",,"N","N","N","N","N","Y","Y","Y","Y","Y","N","N","N","N","N","N","N","Y","Y","N","N","N","N","N","N","N","N","N","N","N","N","N","N","N","N","N","Y","Y","Y"
302,"Ticket office",,"N","N","N","N","N","Y","Y","Y","Y","Y","N","Y","N","Y","Y","N","N","Y","Y","Y","Y","N","Y","N","N","N","N","N","N","N","N","N","N","N","N","N","Y","Y","Y"
303,"Tour Guide or Company",,,,,,,,,,,,,,,,,,,,,,,,,,,,,,,,,,,,,,,,
304,"Mobile home camps, parks and trailers Trisients  7033",,"N","N","N","N","N","N","N","Y","N","N","N","N","N","N","N","N","N","N","N","N","N","N","N","N","N","N","N","N","N","N","N","N","N","N","N","N","N","N","N"
305,"Mobile home parks:",,"N","N","N","N","N","N","N","N","N","N","N","N","N","N","N","N","Y","N","N","N","N","N","N","N","N","N","N","N","N","N","N","N","N","N","N","N","N","N","N"
306,"Upholstery shop:",,"N","N","N","N","N","Y","Y","Y","Y","Y","N","N","N","Y","Y","N","N","Y","Y","N","N","N","N","N","N","N","N","N","N","N","N","N","N","N","N","N","N","N","Y"
307,"Watchman, guard or patrol agency:",,"N","N","N","Y","N","Y","Y","N","Y","Y","N","Y","N","Y","Y","N","N","Y","Y","Y","Y","N","N","N","N","N","N","N","N","N","N","N","N","N","N","N","Y","Y","Y"
308,"Fair—Other, certified by county",,"N","N","N","N","N","Y","Y","Y","Y","N","N","N","N","Y","Y","N","N","Y","Y","Y","Y","N","Y","N","N","N","N","N","N","N","N","N","N","N","N","N","Y","Y","Y"
309,"Fair—County",,"N","N","N","N","N","Y","Y","Y","Y","N","N","N","N","Y","Y","N","N","Y","Y","Y","Y","N","Y","N","N","N","N","N","N","N","N","N","N","N","N","N","Y","Y","Y"
